<HBProfile>
	<Name>[Neutral] Uldum Meat Farm [Cooking]</Name>
	<MinDurability>0.3</MinDurability>
	<MinFreeBagSlots>2</MinFreeBagSlots>
	<SellGrey>True</SellGrey>
	<SellWhite>True</SellWhite>
	<SellGreen>False</SellGreen>
	<MailWhite>False</MailWhite>
	<MailGreen>True</MailGreen>
	<MailBlue>True</MailBlue>
	<MinLevel>1</MinLevel>
	<MaxLevel>91</MaxLevel>
	<QuestOrder>
		<CustomBehavior File="UserSettings" LootMobs="True" PullDistance="35" KillBetweenHotspots="True" />
		<CustomBehavior File="Message" Text="HB: *****************************" LogColor="GreenYellow" />
		<CustomBehavior File="Message" Text="HB: [Neutral] Uldum Meat Farm [Cooking]" LogColor="GreenYellow" />
		<CustomBehavior File="Message" Text="HB: Thanks to:" LogColor="GreenYellow" />
		<CustomBehavior File="Message" Text="HB: Cicrocoft - for making the project" LogColor="GreenYellow" />
		<CustomBehavior File="Message" Text="HB: *****************************" LogColor="GreenYellow" />
		<If Condition="(Me.MapId == 1) &amp;&amp; (Me.GetSkill(Styx.SkillLine.Cooking).CurrentValue &lt; 450)" >
			<CustomBehavior File="Message" Text="HB: Uldum Meat Farming 435-450" LogColor="Orange" />
			<CustomBehavior File="FlyTo" X="-9108.947" Y="-1416.189" Z="95.60325" />
			<CustomBehavior File="ForcedDismount" />
			<SetGrindArea>
				<GrindArea>
					<Name>Uldum Meat Farming 435-450</Name>
					<TargetMinLevel>82</TargetMinLevel>
					<TargetMaxLevel>85</TargetMaxLevel>
					<Factions>38</Factions>
					<Hotspots>
						<Hotspot X="-9108.947" Y="-1416.189" Z="95.60325" />
						<Hotspot X="-9205.859" Y="-1435.549" Z="70.47665" />
						<Hotspot X="-9262.931" Y="-1457.753" Z="65.47747" />
						<Hotspot X="-9325.201" Y="-1420.797" Z="65.5706" />
						<Hotspot X="-9395.177" Y="-1486.709" Z="65.66239" />
						<Hotspot X="-9346.133" Y="-1553.809" Z="65.45198" />
						<Hotspot X="-9377.911" Y="-1606.029" Z="68.82838" />
						<Hotspot X="-9261.111" Y="-1638.303" Z="65.56532" />
						<Hotspot X="-9212.645" Y="-1723.12" Z="66.09262" />
						<Hotspot X="-9162.717" Y="-1654.608" Z="66.14597" />
						<Hotspot X="-9091.055" Y="-1741.634" Z="91.51449" />
						<Hotspot X="-9176.618" Y="-1551.084" Z="66.10966" />
					</Hotspots>
				</GrindArea>
			</SetGrindArea>
			<GrindTo Condition="(InbagCount(62778) &gt;= 30)" GoalText="Farming Toughened Flesh, oh yeah..." />
		</If>
	</QuestOrder>
</HBProfile>